{
  "project_info": {
    "project_number": "595899962342",
    "project_id": "event-planning-45e8d",
    "storage_bucket": "event-planning-45e8d.firebasestorage.app"
  },
  "client": [
    {
      "client_info": {
        "mobilesdk_app_id": "1:595899962342:android:62146b32a81277b579bc27",
        "android_client_info": {
          "package_name": "com.zybooks.projecttwoaronov"
        }
      },
      "oauth_client": [],
      "api_key": [
        {
          "current_key": "AIzaSyCovnY_eCMOh22Hz9AukUf5V0lzIjgiT1c"
        }
      ],
      "services": {
        "appinvite_service": {
          "other_platform_oauth_client": []
        }
      }
    }
  ],
  "configuration_version": "1"
}